,name,sequence,res_value_bool,dataset,data_split,value_bool,len,mask
0, Prolactin__AP00001,LPICPGGAARCQVTLRDLFDRAVVLSHYIHNLSSEMFSEFDKRYTHGRGFITKAINSCHTSSLATPEDKEQAQQMNQKDFLSLIVSILRSWNEPLYHLVTEVRGMQEAPEAILSKAVEIEEQTKRLLEGMELIVSQVHPETKENEIYPVWSGLPSLQMADEESRLSAYYNLLHCLRRDSHKIDNYLKLLKCRIIHNNNC,0000001111111111111111111111111111000000001111111111111110000000000000000000000000000000000000000000000000000000000000000000000000000000000000000000000000000000000000000000000000000000000000000000000,amypro27,test,1,199,not_available
1, Alpha-s2-casein__AP00004,KNTMEHVSSSEESIISQETYKQEKNMAINPSKENLCSTFCKEVVRNANEEEYSIGSSSEESAEVATEEVKITVDDKHYQKALNEINQFYQKFPQYLQYLYQGPIVLNPWDQVKRNAVPITPTLNREQLSTSEENSKKTVDMESTEVFTKKTKLTEEEKNRLNFLKKISQRYQKFALPQYLKTVYQHQKAMKPWIQPKTKVIPYVRYL,000000000000000000000000000000000000000000000000000000000000000000000000000000001111111111111111111111111111111111111111111110000000000000000000000000000000000000000000000000000000000000000000000000000000000,amypro27,test,1,207,not_available
2, Serum_Amyloid_A-1__AP00005,RSFFSFLGEAFDGARDMWRAYSDMREANYIGSDKYFHARGNYDAAKRGPGGVWAAEAISDARENIQRFFGHGAEDSLADQAANEWGRSGKDPNHFRPAGLPEKY,11111111111111111111111111100000000000000000000000000000000000000000000000000000000000000000000000000000,amypro27,test,1,104,not_available
3, Medin__AP00018,RLDKQGNFNAWVAGSYGNDQWLQVDLGSSKEVTGIITQGARNFGSVQFVA,00000000000000000000000000000001111111111111111111,amypro27,test,1,50,not_available
4, Apoliprotein__AP00020,TQQPQQDEMPSPTFLTQVKESLSSYWESAKTAAQNLYEKTYLPAVDEKLRDLYSKSTAAMSTYTGIFTDQVLSVLKGEE,0000000000000000000000000000000000000000000000000000000000011111111111000000000,amypro27,test,1,79,not_available
5, Odontogenic_ameloblast-associated_protein__AP00021,APLIPQRLMSASNSNELLLNLNNGQLLPLQLQGPLNSWIPPFSGILQQQQQAQIPGLSQFSLSALDQFAGLLPNQIPLTGEASFAQGAQAGQVDPLQLQTPPQTQPGPSHVMPYVFSFKMPQEQGQMFQYYPVYMVLPWEQPQQTVPRSPQQTRQQQYEEQIPFYAQFGYIPQLAEPAISGGQQQLAFDPQLGTAPEIAVMSTGEEIPYLQKEAINFRHDSAGVFMPSTSPKPSTTNVFTSAVDQTITPELPEEKDKTDSLREP,000000000000000000000000000000000000000000000000000000000000000000000000000000000000000000000000000000000000000111111111111111111111111111111111111111111111100000000000000000000000000000000000000000000000000000000000000000000000000000000000000000000000000000000000,amypro27,test,1,264,not_available
6, Beta-lactoglobulin__AP00025,LIVTQTMKGLDIQKVAGTWYSLAMAASDISLLDAQSAPLRVYVEELKPTPEGDLEILLQKWENGECAQKKIIAEKTKIPAVFKIDALNENKVLVLDTDYKKYLLFCMENSAEPEQSLACQCLVRTPEVDDEALEKFDKALKALPMHIRLSFNPTQLEEQCHI,000000000011111111110000000000000000000000000000000000000000000000000000000000000000000000000000000011111111110000011111111111000000000000000000011111110000000000,amypro27,test,1,162,not_available
7, Apomyoglobin__AP00030,GLSDGEWQQVLNVWGKVEADIAGHGQEVLIRLFTGHPETLEKFDKFKHLKTEAEMKASEDLKKHGTVVLTALGGILKKKGHHEAELKPLAQSHATKHKIPIKYLEFISDAIIHVLHSKHPGDFGADAQGAMTKALELFRNDIAAKYKELGFQG,111111111111111111111111111110000000000000000000000000000000000000000000000000000000000000000000000011111111111111111100000000000000000000000000000000000,amypro27,test,1,153,not_available
8, Chaplin_H__AP00039,DSGAQGAAVHSPGVLSGNVVQVPVHVPVNVCGNTISVIGLLNPAFGNVCINK,0000000000001111111111111111100111111111111111100000,amypro27,test,1,52,not_available
9, Microcin_E492__AP00040,GETDPNTQLLNDLGNNMAWGAALGAPGGLGSAALGAAGGALQTVGQGLIDHGPVNVPIPVLIGPSWNGSGSGYNSATSSSGSGS,000000000000000000000000000000000000000000000000000001111111111000000000000000000000,amypro27,test,1,84,not_available
10, Chorion_class_A_protein_PC292__AP00046,VCRGGLGLKGLAAPACGCGGLGYEGLGYGALGYDGLGYGAGWAGPACGSYGGEGIGNVAVAGELPVAGTTAVAGQVPIIGAVDFCGRANAGGCVSIGGRCTGCGCGCGSSYPY,00000000000000000000000000000000000000000000000111111111111111111111111111111111111111111111111100000000000000000,amypro27,test,1,113,not_available
11, Lysozyme_C__AP00016,KVFERCELARTLKRLGMDGYRGISLANWMCLAKWESGYNTRATNYNAGDRSTDYGIFQINSRYWCNDGKTPGAVNACHLSCSALLQDNIADAVACAKRVVRDPQGIRAWVAWRNRCQNRDVRQYVQGCGV,0000111111111100000000001111111111000000000000000000000111111000000000000000000000000000000000000000000000000000000000000000000000,amypro27,test,1,130,not_available
12, Elicitor_of_hypersensitive_response_HpaG__AP00071,MNSLNTQLGANSSFFQVDPGQNTQSSPNQGNQGISEKQLDQLLTQLIMALLQQSNNAEQGQGQGQGGDSGGQGGNPRQAGQSNGSPSQYTQALMNIVGDILQAQNGGGFGGGFGGGFGGILVTSLASDTGSMQ,0000000000000000000000000000001111111111111111111111100000000000000000000000000000000000000000000000000000000000000000000000000000000,amypro27,test,1,133,not_available
13, Cell_division_topological_specificity_factor__AP00074,MALLDFFLSRKKNTANIAKERLQIIVAERRRSDAEPHYLPQLRKDILEVICKYVQIDPEMVTVQLEQKDGDISILELNVTLPEAEELK,0000000000000000001111111111000000000000000000000000000000000000000000000000000000000000,amypro27,test,1,88,not_available
14, DNA-binding_protein_inhibitor_ID-2__AP00076,MKAFSPVRSVRKNSLSDHSLGISRSKTPVDDPMSLLYNMNDCYSKLKELVPSIPQNKKVSKMEILQHVIDYILDLQIALDSHPTIVSLHHQRPGQNQASRTPLTTLNTDISILSLQASEFPSELMSNDSKALCG,00000000000000000000000000000000000000000000000000000000000000000000000000000000000000000000000000000011111111111111111111110000000000,amypro27,test,1,134,not_available
15, Envelope_small_membrane_protein__AP00080,MYSFVSEETGTLIVNSVLLFLAFVVFLLVTLAILTALRLCAYCCNIVNVSLVKPTVYVYSRVKNLNSSEGVPDLLV,0000000000000000000000000000000000000000000000000000001111111110000000000000,amypro27,test,1,76,not_available
16, Myocilin__AP00090,RTAQLRKANDQSGRCQYTFSVASPNESSCPEQSQAMSVIHNLQRDSSTQRLDLEATKARLSSLESLLHQLTLDQAARPQETQEGLQRELGTLRRERDQLETQTRELETAYSNLLRDKSVLEEEKKRLRQENENLARRLESSSQEVARLRRGQCPQTRDTARAVPPGSREVSTWNLDTLAFQELKSELTEVPASRILKESPSGYLRSGEGDTGCGELVWVGEPLTLRTAETITGKYGVWMRDPKPTYPYTQETTWRIDTVGTDVRQVFEYDLISQFMQGYPSKVHILPRPLESTGAVVYSGSLYFQGAESRTVIRYELNTETVKAEKEIPGAGYHGQFPYSWGGYTDIDLAVDEAGLWVIYSTDEAKGAIVLSKLNPENLELEQTWETNIRKQSVANAFIICGTLYTVSSYTSADATVNFAYDTGTGISKTLTIPFKNRYKYSSMIDYNPLEKKLFAWDNLNMVTYDIKLSKM,0000000000000000000000000000000000000000000000000000000000000000000000000000000000000000000000001111111111111111111100000000000000000000000000000000000000000000000000000000000000000000000000000001111111111111111100000000000000000000000000000000000000000000000000000000000000000000000000000000011111111111100000000000000000000000000000000000000000000000000000000000000000000000000000000000000001111111111111111100000000000000000000000000000000000000000000000000000000000000,amypro27,test,1,472,not_available
17, PAPf39__AP00091,GIHKQKEKSRLQGGVLVNEILNHMKRATQIPSYKKLIMY,000000000000011111111111111111111111111,amypro27,test,1,39,not_available
18, Ovalbumin__AP00094,GSIGAASMEFCFDVFKELKVHHANENIFYCPIAIMSALAMVYLGAKDSTRTQINKVVRFDKLPGFGDSIEAQCGTSVNVHSSLRDILNQITKPNDVYSFSLASRLYAEERYPILPEYLQCVKELYRGGLEPINFQTAADQARELINSWVESQTNGIIRNVLQPSSVDSQTAMVLVNAIVFKGLWEKAFKDEDTQAMPFRVTEQESKPVQMMYQIGLFRVASMASEKMKILELPFASGTMSMLVLLPDEVSGLEQLESIINFEKLTEWTSSNVMEERKIKVYLPRMKMEEKYNLTSVLMAMGITDVFSSSANLSGISSAESLKISQAVHAAHAEINEAGREVVGSAEAGVDAASVSEEFRADHPFLFCIKHIATNAVLFFGRCVSP,0000000000000000000000000000000111111111111000000000000000000000000000000000000000000000000000000000000000000000000000000000000000000000000000000000000000000000000000000001111111111000000000000000000000000000000000000000000000000000000000000000000000000000000000000000000000000000000000000000000000000000000000000000000000000000000000000000000000000000000000000001111111111111111110000,amypro27,test,1,385,not_available
19, Kerato-epithelin__AP00095,GPAKSPYQLVLQHSRLRGRQHGPNVCAVQKVIGTNRKYFTNCKQWYQRKICGKSTVISYECCPGYEKVPGEKGCPAALPLSNLYETLGVVGSTTTQLYTDRTEKLRPEMEGPGSFTIFAPSNEAWASLPAEVLDSLVSNVNIELLNALRYHMVGRRVLTDELKHGMTLTSMYQNSNIQIHHYPNGIVTVNCARLLKADHHATNGVVHLIDKVISTITNNIQQIIEIEDTFETLRAAVAASGLNTMLEGNGQYTLLAPTNEAFEKIPSETLNRILGDPEALRDLLNNHILKSAMCAEAIVAGLSVETLEGTTLEVGCSGDMLTINGKAIISNKDILATNGVIHYIDELLIPDSAKTLFELAAESDVSTAIDLFRQAGLGNHLSGSERLTLLAPLNSVFKDGTPPIDAHTRNLLRNHIIKDQLASKYLYHGQTLETLGGKKLRVFVYRNSLCIENSCIAAHDKRGRYGTLFTMDRVLTPPMGTVMDVLKGDNRFSMLVAAIQSAGLTETLNREGVYTVFAPTNETFRALPPRERSRLLGDAKELANILKYHIGDEILVSGGIGALVRLKSLQGDKLEVSLKNNVVSVNKEPVAEPDIMATNGVVHVITNVLQPPANRPQERGDELADSALEIFKQASAFSRASQRSVRLAPVYQKLLERMKH,000000000000000000000000000000000000000000000000000000000000000000000000000000000000000000000000000000000000000000000000000000000000000000000000000000000000000000000000000000000000000000000000000000000000000000000000000000000000000000000000000000000000000000000000000000000000000000000000000000000000000000000000000000000000000000000000000000000000000000000000000000000000000000000000000000000000000000000000000000000000000000000000000000000000000000000000000000000000000000000000000000000001111111111111111110000000000000000000000000000000000000011111111111111111100000000000000000000001111111111111111111111111111111100000000000000000000000000000000000000000,amypro27,test,1,660,not_available
20, Cystatin_B__AP00101,MMCGAPSATQPATAETQHIADQVRSQLEEKENKKFPVFKAVSFKSQVVAGTNYFIKVHVGDEDFVHLRVFQSLPHENKPLTLSNYQTNKAKHDELTYF,00000000000000000000000000000000000000111111111111111111111000011111111000000001111111100000001111,amypro27,test,1,98,not_available
21, Glucan_1_3-beta-glucosidase__AP00110,IGELAFNLGVKNNDGTCKSTSDYETELQALKSYTSTVKVYAASDCNTLQNLGPAAEAEGFTIFVGVWPTDDSHYAAEKAALQTYLPKIKESTVAGFLVGSEALYRNDLTASQLSDKINDVRSVVADISDSDGKSYSGKQVGTVDSWNVLVAGYNSAVIEASDFVMANAFSYWQGQTMQNASYSFFDDIMQALQVIQSTKGSTDITFWVGETGWPTDGTNFESSYPSVDNAKQFWKEGICSMRAWGVNVIVFEAFDEDWKPNTSGTSDVEKHWGVFTSSDNLKYSLDCDFS,00000000000000000000000000000000000000000000000000000000111111111100000000000000000000000000000000000000000000000000000000000000000000000000001111111111000000000001111111111000000000000000000000000000000000000000000000000000000000000000000000000000000000000000000000000000000000000000000000,amypro27,test,1,290,not_available
22, PB1_F2csv__AP00125,MGQEQDTPWILSTGHISTQKRQDGQQTPKLEHRNSTRLMGHCQKTMNQVVMPKQIVYWKQWLSLRNPILVFLKTRVLKRWRLFSKHE,000000000000000000000000000000000000000000000000000011111111111111111111111111111111111,amypro27,test,1,87,not_available
23, ApoAII__AP00127,QAKEPCVESLVSQYFQTVTDYGKDLMEKVKSPELQAEAKSYFEKSKEQLTPLIKKAGTELVNFLSYFVELGTQPATQRSVQTIVFQPQLASRTPTGQS,00000000000000000000000000000000000000000000000000000000000000000000000000000111111111111111111111,amypro27,test,1,98,not_available
24, Lung_Surfactant__AP00130,FGIPCCPVHLKRLLIVVVVVVLIVVVIVGALLMGL,00000000111111111111111111111111110,amypro27,test,1,35,not_available
25, RdIB_protein__AP00133,IGDDSGPVSANGNGASQYFGNSMTTGNMSPQMALIQGSFNKPCIAVSDIPVSVIGLVPIQDLNVLGDDMNQQCAENSTQAKRDGALAHLLEDVSILSSNGEGGKG,000000000011111111111111111111111111111111000000000000000000000000000000000000000000000000000000000000000,amypro27,test,1,105,not_available
26, Galectin-7__AP00139,MSNVPHKSSLPEGIRPGTVLRIRGLVPPNASRFHVNLLCGEEQGSDAALHFNPRLDTSEVVFNSKEQGSWGREERGPGVPFQRGQPFEVLIIASDDGFKAVVGDAQYHHFRHRLPLARVRLVEVGGDVQLDSVRIF,0000000000000000000000000000001111111111111111111111111111111111111000000000000000000000000000000000000000000000000000011111111111111111,amypro27,test,1,136,not_available
